BER Value,Average Accuracy
1e-05,63.9
0.0025075,61.0
0.005005,56.9
0.0075025000000000005,50.52
0.01,47.16
