Sigma Value,Average Accuracy
0.0,64.76
0.0035714285714285718,64.81
0.0071428571428571435,64.72
0.010714285714285714,64.69
0.014285714285714287,64.82
